,percent_abs_words,post_length,_sentiment,subjectivity,time_of_day_overnight,created_at,labels,author
58,1.5380000000000003,0.028475224476222152,1.75,2.0,0,04/19/2019,1,Matt2473k
59,0.0,0.004156967076820751,3.75,3.0,0,04/17/2019,1,Matt2473k
60,0.125,0.18664782174925176,2.5,1.45,0,04/05/2019,1,Matt2473k
61,0.0,0.004156967076820751,2.5,0.0,0,02/25/2019,1,Matt2473k
62,0.0,0.034294978383771206,0.5,4.0,0,02/19/2019,1,Matt2473k
63,2.5,0.008729630861323579,3.75,3.0,0,02/12/2019,1,Matt2473k
64,0.455,0.049467908214166946,2.8,2.3499999999999996,0,02/07/2019,1,Matt2473k
65,0.0,0.12159128699700698,2.525,1.6500000000000001,0,02/03/2019,1,Matt2473k
66,0.34500000000000003,0.23237445959428002,2.85,1.9500000000000002,0,01/27/2019,1,Matt2473k
67,0.484,0.14694878616561358,2.025,2.2,0,01/20/2019,1,Matt2473k
68,0.513,0.09373960758230795,1.65,1.9,0,01/20/2019,1,Matt2473k
69,1.176,0.07752743598270702,2.625,2.5,0,01/14/2019,1,Matt2473k
70,1.875,0.03616561356834054,1.25,1.5,1,01/05/2019,1,Matt2473k
71,0.0,0.044479547721982045,3.0,1.0,0,01/05/2019,1,Matt2473k
72,0.9380000000000002,0.07399401396740939,2.775,1.55,0,01/05/2019,1,Matt2473k
73,1.111,0.055495510475557036,2.5,0.0,0,12/23/2018,1,Matt2473k
74,0.976,0.09706518124376455,2.975,2.1,0,12/23/2018,1,Matt2473k
75,1.25,0.03616561356834054,2.125,1.1500000000000001,0,12/20/2018,1,Matt2473k
76,0.488,0.09519454605919521,2.825,2.3000000000000003,0,12/20/2018,1,Matt2473k
77,0.5660000000000001,0.11036747588959096,2.575,2.45,1,12/03/2018,1,Matt2473k
78,0.87,0.160458929165281,2.85,2.5,1,11/24/2018,1,Matt2473k
79,0.357,0.060691719321582974,3.075,2.15,0,11/22/2018,1,Matt2473k
80,0.0,0.10080645161290323,2.8,1.9,0,11/22/2018,1,Matt2473k
81,1.739,0.04427169936814101,2.1,1.1500000000000001,0,10/22/2018,1,Matt2473k
297,1.0,0.020369138676421684,3.125,1.6500000000000001,0,04/19/2019,1,throwaway_tooclose
298,0.0,0.09893581642833389,2.8,1.55,1,04/19/2019,1,throwaway_tooclose
299,0.5519999999999999,0.7542816760891253,2.55,2.5,0,04/17/2019,1,throwaway_tooclose
300,0.513,0.6048387096774194,2.825,2.8000000000000003,1,03/08/2019,1,throwaway_tooclose
301,0.455,0.09415530428999003,1.625,2.3499999999999996,1,11/10/2018,1,throwaway_tooclose
302,0.5710000000000001,0.18373794479547723,1.75,3.1,1,11/07/2018,1,throwaway_tooclose
303,0.256,0.0956102427668773,1.6749999999999998,2.6500000000000004,0,11/02/2018,1,throwaway_tooclose
304,0.0,0.07939807116727636,2.875,4.1,0,10/29/2018,1,throwaway_tooclose
305,0.8220000000000001,0.17604755570335884,2.75,2.3000000000000003,1,10/18/2018,1,throwaway_tooclose
306,0.438,0.3755819753907549,2.8,2.3000000000000003,1,10/15/2018,1,throwaway_tooclose
307,0.484,0.15401563019620884,2.675,2.5,0,10/12/2018,1,throwaway_tooclose
308,0.0,0.12491686065846358,2.725,2.55,1,09/23/2018,1,throwaway_tooclose
309,0.0,0.04718157632191553,2.325,2.5,1,09/22/2018,1,throwaway_tooclose
310,0.606,0.08210009976720985,3.225,2.9,1,03/11/2018,1,throwaway_tooclose
311,0.29700000000000004,0.5027851679414699,2.9,2.45,0,03/03/2018,1,throwaway_tooclose
312,0.476,0.04572663784502827,2.175,1.6,1,02/05/2018,1,throwaway_tooclose
313,0.0,0.08500997672098437,2.2,2.9499999999999997,0,02/04/2018,1,throwaway_tooclose
314,1.304,0.0636015962753575,2.825,1.3,1,01/22/2018,1,throwaway_tooclose
315,0.0,0.05320917858330562,2.3,1.5,1,01/19/2018,1,throwaway_tooclose
316,0.119,0.20473062853342203,2.75,2.6500000000000004,0,07/10/2017,1,throwaway_tooclose
317,0.0,0.0536248752909877,2.45,3.75,1,04/21/2017,1,throwaway_tooclose
318,0.588,0.03304788826072498,2.85,2.7,0,04/21/2017,1,throwaway_tooclose
319,0.199,0.36893082806784167,2.675,2.25,0,04/20/2017,1,throwaway_tooclose
320,0.341,0.21200532091785834,2.6,2.9,0,03/25/2017,1,throwaway_tooclose
463,0.526,0.04468739607582308,1.875,3.5,1,04/21/2019,1,ThatWasNotEasy10
464,1.429,0.015588626538077818,0.5,4.5,1,04/21/2019,1,ThatWasNotEasy10
465,1.429,0.012678749584303293,1.1749999999999998,3.5,0,04/20/2019,1,ThatWasNotEasy10
466,0.0,0.009976720984369804,2.5,0.0,1,04/20/2019,1,ThatWasNotEasy10
467,0.0,0.023486863984037244,2.05,1.4000000000000001,1,04/20/2019,1,ThatWasNotEasy10
468,0.0,0.050507149983372135,2.075,2.6,0,04/18/2019,1,ThatWasNotEasy10
469,0.0,0.08584137013634853,2.375,1.45,1,04/16/2019,1,ThatWasNotEasy10
470,0.593,0.30719986697705354,1.9,2.5,1,04/16/2019,1,ThatWasNotEasy10
471,0.5559999999999999,0.04780512138343865,2.85,2.5,1,04/16/2019,1,ThatWasNotEasy10
472,0.8330000000000001,0.05611905553708015,3.375,2.75,1,04/16/2019,1,ThatWasNotEasy10
473,0.0,0.029930162953109414,2.575,1.35,0,04/15/2019,1,ThatWasNotEasy10
474,1.233,0.18103591619554374,2.0,2.5,1,04/15/2019,1,ThatWasNotEasy10
475,0.44400000000000006,0.11203026272031925,2.925,1.9,0,04/14/2019,1,ThatWasNotEasy10
476,1.143,0.07898237445959429,2.775,1.6500000000000001,0,04/14/2019,1,ThatWasNotEasy10
477,0.8330000000000001,0.07856667775191221,2.2,2.5,0,04/14/2019,1,ThatWasNotEasy10
478,1.25,0.05632690389092119,1.7999999999999998,2.7,0,04/14/2019,1,ThatWasNotEasy10
479,0.227,0.09789657465912871,2.45,1.05,1,04/14/2019,1,ThatWasNotEasy10
480,0.5790000000000001,0.32715330894579314,2.35,1.9,1,04/14/2019,1,ThatWasNotEasy10
481,0.541,0.15900399068839374,2.85,3.55,1,04/14/2019,1,ThatWasNotEasy10
482,0.41700000000000004,0.05216993681410043,2.85,2.5,0,04/13/2019,1,ThatWasNotEasy10
483,0.169,0.13676421682740272,2.175,2.55,1,04/12/2019,1,ThatWasNotEasy10
484,0.87,0.04655803126039242,3.0,2.0,0,04/12/2019,1,ThatWasNotEasy10
485,1.163,0.10142999667442634,3.05,2.8000000000000003,1,04/12/2019,1,ThatWasNotEasy10
486,0.5,0.09519454605919521,1.9,2.8000000000000003,1,04/11/2019,1,ThatWasNotEasy10
487,0.41700000000000004,0.05715829730628534,2.025,2.3499999999999996,0,04/11/2019,1,ThatWasNotEasy10
497,0.7690000000000001,0.030345859660791487,2.0,4.0,0,04/20/2019,1,theprincessdj
498,0.22200000000000003,0.09498669770535417,2.375,1.75,0,04/16/2019,1,theprincessdj
499,0.7320000000000001,0.08272364482873296,2.55,2.0,0,03/28/2019,1,theprincessdj
500,0.0,0.01371799135350848,2.5,0.0,0,03/25/2019,1,theprincessdj
501,0.0,0.12969737279680746,2.975,1.85,0,03/17/2019,1,theprincessdj
502,0.095,0.24401396740937814,2.45,2.05,0,03/05/2019,1,theprincessdj
503,0.0,0.1405054871965414,2.9,1.75,1,01/26/2019,1,theprincessdj
504,0.31000000000000005,0.28475224476222144,3.15,2.6,0,11/25/2018,1,theprincessdj
505,0.0,0.027020285999334884,0.7250000000000001,4.3,0,11/25/2018,1,theprincessdj
506,0.288,0.6771699368141004,2.45,2.0,0,11/18/2018,1,theprincessdj
507,0.674,0.23071167276355173,2.375,1.5,1,10/24/2018,1,theprincessdj
508,0.0,0.09935151313601596,3.275,2.5,1,09/18/2018,1,theprincessdj
510,0.189,0.14528599933488529,3.075,2.15,0,09/15/2018,1,theprincessdj
511,0.44400000000000006,0.20639341536415032,2.225,1.05,0,09/15/2018,1,theprincessdj
512,0.25,0.08313934153641503,2.25,2.45,0,05/07/2018,1,theprincessdj
513,0.5559999999999999,0.28932490854672427,2.9,2.6,0,03/30/2018,1,theprincessdj
514,0.476,0.6586714333222481,2.45,2.3499999999999996,0,03/23/2018,1,theprincessdj
515,0.0,0.04427169936814101,3.15,2.8000000000000003,0,02/15/2018,1,theprincessdj
516,0.5710000000000001,0.0796059195211174,1.575,3.5,0,02/08/2018,1,theprincessdj
517,0.36000000000000004,0.3180079813767875,2.175,2.3000000000000003,1,02/07/2018,1,theprincessdj
580,2.0,0.011431659461257068,3.0,2.0,1,04/20/2019,1,VinexHD
581,0.0,0.035957765214499504,3.075,2.15,1,04/13/2019,1,VinexHD
582,0.0,0.04489524442966412,3.075,3.75,1,04/12/2019,1,VinexHD
583,0.0,0.04323245759893582,2.375,3.5,0,04/07/2019,1,VinexHD
584,0.0,0.01392583970734952,2.5,0.0,1,04/04/2019,1,VinexHD
585,1.429,0.09082973062853343,3.25,2.6500000000000004,0,10/01/2018,1,VinexHD
586,1.5380000000000003,0.03117725307615564,0.25,4.75,0,09/30/2018,1,VinexHD
587,0.44400000000000006,0.2760226139008979,2.875,3.0,0,09/26/2018,1,VinexHD
588,0.5,0.04115397406052544,2.65,2.3499999999999996,0,09/25/2018,1,VinexHD
589,0.541,0.08895909544396409,1.425,3.25,0,09/23/2018,1,VinexHD
590,0.37000000000000005,0.12179913535084802,2.3,2.9,0,09/21/2018,1,VinexHD
591,0.577,0.12346192218157634,2.6,2.8000000000000003,1,09/19/2018,1,VinexHD
592,0.34500000000000003,0.06484868639840373,2.5,0.35000000000000003,1,09/13/2018,1,VinexHD
593,2.8000000000000003,0.04822081809112072,1.9,1.55,1,09/12/2018,1,VinexHD
594,0.536,0.12616395078150983,2.725,3.8,0,09/11/2018,1,VinexHD
595,0.0,0.014549384768872633,2.5,0.0,0,09/08/2018,1,VinexHD
596,0.0,0.01621217159960093,2.5,0.0,0,09/07/2018,1,VinexHD
597,0.714,0.10724975058197539,2.975,3.5,0,09/06/2018,1,VinexHD
598,0.8,0.051546391752577324,2.525,1.9,0,09/05/2018,1,VinexHD
599,1.707,0.11410874625872963,2.775,1.5,0,09/05/2018,1,VinexHD
654,0.0,0.04219321582973063,2.075,1.6500000000000001,1,04/20/2019,1,TheGutenbergMachine
656,0.0,0.011847356168939142,3.5,2.5,0,04/17/2019,1,TheGutenbergMachine
657,0.638,0.12263052876621217,3.175,2.0,0,04/17/2019,1,TheGutenbergMachine
658,0.167,0.1642001995344197,2.725,2.1,0,04/17/2019,1,TheGutenbergMachine
659,1.0,0.02307116727635517,2.25,3.0,1,04/16/2019,1,TheGutenbergMachine
660,0.962,0.1344778849351513,2.225,3.1,1,04/16/2019,1,TheGutenbergMachine
661,0.8109999999999999,0.08397073495177919,2.325,2.9499999999999997,1,04/09/2019,1,TheGutenbergMachine
662,1.053,0.04323245759893582,1.875,0.75,0,04/09/2019,1,TheGutenbergMachine
663,0.5559999999999999,0.10267708679747257,2.5,1.55,0,04/07/2019,1,TheGutenbergMachine
664,0.0,0.033879281676089126,2.0,1.6500000000000001,0,04/07/2019,1,TheGutenbergMachine
665,0.5559999999999999,0.05133854339873629,4.0,4.5,0,03/31/2019,1,TheGutenbergMachine
666,0.274,0.1901812437645494,3.0,2.5,0,03/26/2019,1,TheGutenbergMachine
667,1.176,0.10433987362820087,1.85,3.05,0,03/15/2019,1,TheGutenbergMachine
668,0.0,0.0031177253076155632,4.5,3.5,0,03/15/2019,1,TheGutenbergMachine
669,0.8109999999999999,0.08584137013634853,2.175,2.8499999999999996,0,03/09/2019,1,TheGutenbergMachine
670,0.323,0.05923678084469571,1.9,2.2,0,03/09/2019,1,TheGutenbergMachine
671,0.0,0.03969903558363818,1.625,3.75,0,03/08/2019,1,TheGutenbergMachine
672,0.0,0.025565347522447622,2.0,1.5,0,03/08/2019,1,TheGutenbergMachine
673,0.4,0.07711173927502495,2.75,2.25,0,03/07/2019,1,TheGutenbergMachine
674,0.36600000000000005,0.22468407050216163,3.2,2.5,0,03/03/2019,1,TheGutenbergMachine
678,0.34500000000000003,0.07233122713668108,1.5,2.15,1,04/19/2019,1,oldboyahoy166
679,0.476,0.09997505819753907,2.45,1.05,0,04/19/2019,1,oldboyahoy166
680,0.0,0.026188892583970738,0.75,3.35,1,04/17/2019,1,oldboyahoy166
681,0.0,0.05383272364482874,2.125,1.6500000000000001,0,04/16/2019,1,oldboyahoy166
682,0.526,0.03699700698370469,2.425,0.8999999999999999,1,04/08/2019,1,oldboyahoy166
683,0.31200000000000006,0.0752411040904556,2.0,1.9500000000000002,1,04/08/2019,1,oldboyahoy166
684,0.0,0.05216993681410043,2.225,1.2,1,03/26/2019,1,oldboyahoy166
685,0.323,0.07149983372131694,2.1,1.75,0,03/26/2019,1,oldboyahoy166
686,0.0,0.008313934153641503,2.5,0.0,0,03/25/2019,1,oldboyahoy166
687,0.0,0.11514798802793483,2.3,2.3499999999999996,0,03/24/2019,1,oldboyahoy166
688,0.0,0.004988360492184902,2.5,0.0,0,03/18/2019,1,oldboyahoy166
689,0.7320000000000001,0.10475557033588294,1.3,3.25,0,02/22/2019,1,oldboyahoy166
690,0.0,0.04738942467575657,2.5,0.0,0,02/21/2019,1,oldboyahoy166
691,0.455,0.05258563352178251,1.875,2.5,0,02/03/2019,1,oldboyahoy166
692,1.5,0.052377785167941476,1.95,2.1,0,10/09/2018,1,oldboyahoy166
693,0.0,0.037412703691386766,2.5,0.0,0,10/06/2018,1,oldboyahoy166
694,2.5,0.004156967076820751,2.5,0.0,0,09/23/2018,1,oldboyahoy166
695,0.0,0.06983704689058863,3.0,1.6,0,09/20/2018,1,oldboyahoy166
696,0.0,0.023279015630196208,2.5,0.0,0,09/19/2018,1,oldboyahoy166
697,0.238,0.09477884935151314,2.65,2.05,0,09/17/2018,1,oldboyahoy166
698,1.429,0.018290655138011307,2.325,0.15,0,09/10/2018,1,oldboyahoy166
744,0.0,0.051546391752577324,2.45,0.55,0,04/20/2019,1,Bohobalooba
745,0.455,0.04510309278350516,3.1,2.05,0,04/19/2019,1,Bohobalooba
746,0.0,0.04759727302959761,1.95,2.6,0,03/23/2019,1,Bohobalooba
747,0.0,0.07856667775191221,2.325,1.3,0,10/14/2018,1,Bohobalooba
748,0.0,0.0636015962753575,2.075,2.8000000000000003,0,11/03/2017,1,Bohobalooba
749,0.0,0.06547223145992684,2.85,2.5,0,09/01/2017,1,Bohobalooba
750,1.304,0.0519620884602594,2.425,3.2,0,08/23/2017,1,Bohobalooba
751,0.6120000000000001,0.11265380778184238,2.275,2.6500000000000004,0,08/15/2017,1,Bohobalooba
752,0.476,0.041985367475889594,1.45,3.9000000000000004,0,08/03/2017,1,Bohobalooba
753,0.256,0.1012221483205853,2.125,2.5,0,08/02/2017,1,Bohobalooba
754,0.588,0.04156967076820752,2.775,2.1,0,07/30/2017,1,Bohobalooba
755,0.0,0.049467908214166946,2.15,1.9500000000000002,1,07/25/2017,1,Bohobalooba
756,0.48200000000000004,0.1918440305952777,2.475,2.05,0,07/24/2017,1,Bohobalooba
757,0.0,0.054040571998669774,3.75,2.5,0,07/22/2017,1,Bohobalooba
758,2.5,0.012678749584303293,2.5,0.0,0,07/20/2017,1,Bohobalooba
759,0.625,0.03886764216827403,3.175,1.4000000000000001,0,07/18/2017,1,Bohobalooba
760,0.508,0.1498586631193881,2.125,2.6500000000000004,0,07/16/2017,1,Bohobalooba
761,1.429,0.012886597938144331,2.025,1.7999999999999998,0,07/12/2017,1,Bohobalooba
762,1.6670000000000003,0.00852178250748254,3.0,1.0,0,07/10/2017,1,Bohobalooba
763,0.652,0.11410874625872963,1.7999999999999998,1.05,0,07/10/2017,1,Bohobalooba
764,0.0,0.017459261722647154,3.025,2.5,0,07/09/2017,1,Bohobalooba
765,0.5710000000000001,0.08210009976720985,1.9249999999999998,2.1,0,07/06/2017,1,Bohobalooba
766,1.176,0.08002161622879947,1.9,2.25,0,04/20/2019,1,stevepwn3
767,0.625,0.06713501829065514,1.575,2.2,0,04/14/2019,1,stevepwn3
768,0.435,0.045518789491187234,2.425,4.1,0,03/18/2019,1,stevepwn3
769,0.0,0.025565347522447622,2.925,2.1,0,03/12/2019,1,stevepwn3
770,0.0,0.0037412703691386768,3.75,2.5,0,03/09/2019,1,stevepwn3
771,1.6670000000000003,0.024941802460924513,2.425,3.25,0,03/09/2019,1,stevepwn3
772,0.0,0.005196208846025939,3.75,2.5,0,03/05/2019,1,stevepwn3
773,0.667,0.03117725307615564,1.25,4.5,0,02/25/2019,1,stevepwn3
774,0.0,0.031800798137678755,3.1,2.0,0,02/22/2019,1,stevepwn3
775,2.1430000000000002,0.025357499168606586,2.25,2.0,0,02/18/2019,1,stevepwn3
776,0.0,0.030345859660791487,1.25,5.0,0,02/16/2019,1,stevepwn3
777,0.0,0.025981044230129695,3.25,3.4000000000000004,0,02/15/2019,1,stevepwn3
778,0.476,0.04738942467575657,2.675,1.25,0,02/14/2019,1,stevepwn3
779,0.0,0.06484868639840373,2.375,2.55,0,02/10/2019,1,stevepwn3
780,0.5,0.1444546059195211,2.6,3.1,0,02/08/2019,1,stevepwn3
781,0.0,0.023279015630196208,2.45,1.75,0,02/06/2019,1,stevepwn3
782,1.29,0.07212337878284004,2.875,1.0,1,02/04/2019,1,stevepwn3
783,0.87,0.04822081809112072,2.85,2.05,0,01/13/2019,1,stevepwn3
784,2.5,0.008313934153641503,1.5,2.0,0,01/13/2019,1,stevepwn3
785,0.0,0.03450282673761224,3.55,2.75,1,01/13/2019,1,stevepwn3
883,0.032,0.8621549717326239,2.525,1.75,0,04/20/2019,1,Turbulent_Repair
884,0.07800000000000001,0.309901895576987,2.375,2.2,1,04/19/2019,1,Turbulent_Repair
885,0.36600000000000005,0.18727136681077486,2.675,1.9500000000000002,0,04/17/2019,1,Turbulent_Repair
886,0.0,0.04572663784502827,3.05,2.3499999999999996,1,04/17/2019,1,Turbulent_Repair
887,0.0,0.08500997672098437,1.75,2.5,0,04/15/2019,1,Turbulent_Repair
888,0.385,0.08064516129032258,2.5,0.0,0,04/14/2019,1,Turbulent_Repair
889,0.292,0.42130861323578317,2.55,2.9499999999999997,1,04/11/2019,1,Turbulent_Repair
890,0.0,0.13988194213501828,2.125,2.0,0,04/09/2019,1,Turbulent_Repair
891,0.0,0.039491187229797144,2.1,1.75,0,04/08/2019,1,Turbulent_Repair
892,0.0,0.171474891918856,3.1,2.9499999999999997,0,04/08/2019,1,Turbulent_Repair
893,0.084,0.2625124709012304,2.75,2.15,0,04/08/2019,1,Turbulent_Repair
894,0.196,0.1504822081809112,2.6,3.0,0,04/07/2019,1,Turbulent_Repair
895,0.0,0.023694712337878288,2.5,0.0,1,04/07/2019,1,Turbulent_Repair
896,0.0,0.13530927835051548,2.4,1.35,1,04/06/2019,1,Turbulent_Repair
897,0.0,0.05674260059860326,3.0,1.0,0,04/06/2019,1,Turbulent_Repair
898,0.0,0.14902726970402394,2.5,1.25,0,04/06/2019,1,Turbulent_Repair
899,1.5380000000000003,0.03574991686065847,2.5,0.0,1,04/06/2019,1,Turbulent_Repair
900,0.0,0.048636514798802793,2.5,0.0,1,04/06/2019,1,Turbulent_Repair
901,0.0,0.066303624875291,2.2,1.9,1,04/03/2019,1,Turbulent_Repair
902,0.294,0.0852178250748254,3.075,2.3499999999999996,1,03/23/2019,1,Turbulent_Repair
903,0.0,0.02577319587628866,4.0,3.5,0,03/20/2019,1,Turbulent_Repair
1197,0.508,0.481376787495843,2.25,2.6500000000000004,0,04/20/2019,1,collwhere
1198,0.682,0.10766544728965748,2.725,2.45,0,04/17/2019,1,collwhere
1199,0.9420000000000001,0.24588460259394745,3.5,3.15,0,02/19/2019,1,collwhere
1200,0.211,0.3417026937146658,2.4,2.45,0,01/03/2019,1,collwhere
1201,0.18200000000000002,0.13842700365813104,2.975,1.85,0,01/02/2019,1,collwhere
1202,0.12,0.1924675756568008,2.975,2.1,0,12/18/2018,1,collwhere
1203,0.492,0.11203026272031925,2.975,1.55,0,12/11/2018,1,collwhere
1204,0.36400000000000005,0.12429331559694048,2.25,2.5,0,10/31/2018,1,collwhere
1205,0.476,0.10537911539740606,2.875,2.9,0,10/12/2018,1,collwhere
1206,0.341,0.8222480877951447,2.45,2.15,0,10/12/2018,1,collwhere
1207,0.227,0.21470734951779183,2.625,2.55,0,10/08/2018,1,collwhere
1209,0.382,0.7310026604589291,2.675,1.9,0,09/24/2018,1,collwhere
1210,0.784,0.13136015962753575,2.5,2.05,0,09/20/2018,1,collwhere
1211,0.606,0.06297805121383439,2.175,0.4,0,06/14/2018,1,collwhere
1212,0.42300000000000004,0.18831060857998005,2.725,2.8499999999999996,0,06/07/2018,1,collwhere
1213,0.233,0.10683405387429332,3.0,3.0,0,06/04/2018,1,collwhere
1214,0.5559999999999999,0.04177751912204856,2.825,1.6500000000000001,0,06/03/2018,1,collwhere
1215,0.0,0.07669604256734287,2.875,2.3499999999999996,0,05/21/2018,1,collwhere
1216,0.29900000000000004,0.3365064848686398,2.85,2.3499999999999996,1,08/27/2017,1,collwhere
1217,0.42100000000000004,0.24151978716328568,2.6,2.75,0,07/18/2017,1,collwhere
1218,0.0,0.09166112404389758,2.35,1.05,0,08/26/2016,1,collwhere
1300,0.7320000000000001,0.08708846025939475,2.85,1.9,0,04/19/2019,1,justsomeguy2991
1301,0.581,0.21886431659461258,2.5,1.75,1,04/17/2019,1,justsomeguy2991
1302,0.351,0.1315680079813768,2.25,2.05,0,01/27/2019,1,justsomeguy2991
1303,0.0,0.18207515796474893,2.15,2.15,1,01/26/2019,1,justsomeguy2991
1304,0.196,0.11369304955104756,2.8,2.75,0,01/17/2019,1,justsomeguy2991
1305,0.4,0.05944462919853675,2.475,1.05,0,12/26/2018,1,justsomeguy2991
1306,0.22200000000000003,0.11805786498170935,2.075,2.45,0,12/21/2018,1,justsomeguy2991
1307,0.562,0.21387595610242768,2.675,2.3000000000000003,0,12/19/2018,1,justsomeguy2991
1308,1.304,0.0502993016295311,1.75,3.0,0,12/17/2018,1,justsomeguy2991
1309,0.382,0.31301962088460256,2.25,1.75,0,12/16/2018,1,justsomeguy2991
1310,0.333,0.16399235118057864,2.2,2.75,1,12/13/2018,1,justsomeguy2991
1311,0.549,0.4042650482208181,2.0,2.8000000000000003,0,12/12/2018,1,justsomeguy2991
1312,0.10200000000000001,0.2250997672098437,2.4,2.0,1,11/20/2018,1,justsomeguy2991
1313,0.435,0.11431659461257067,1.875,2.6500000000000004,1,11/18/2018,1,justsomeguy2991
1314,0.5660000000000001,0.2529514466245427,2.6,2.75,0,08/15/2018,1,justsomeguy2991
1315,0.49400000000000005,0.18664782174925176,2.425,3.25,1,06/24/2018,1,justsomeguy2991
1316,0.0,0.03616561356834054,1.25,2.5,0,02/18/2018,1,justsomeguy2991
1317,0.0,0.09914366478217493,2.3,2.8499999999999996,0,12/31/2017,1,justsomeguy2991
1318,0.40800000000000003,0.10995177918190889,2.95,1.4000000000000001,0,12/24/2017,1,justsomeguy2991
1319,0.189,0.13530927835051548,2.875,2.9,0,12/20/2017,1,justsomeguy2991
1320,0.43,0.9151563019620884,2.65,2.55,0,10/22/2017,1,justsomeguy2991
1415,0.8109999999999999,0.08667276355171268,2.15,2.75,1,04/20/2019,1,quietcranberry
1416,0.333,0.07233122713668108,1.625,4.5,1,04/20/2019,1,quietcranberry
1417,0.0,0.00956102427668773,3.75,4.45,1,04/20/2019,1,quietcranberry
1418,0.0,0.020369138676421684,2.5,3.75,1,04/19/2019,1,quietcranberry
1419,0.526,0.04323245759893582,3.75,3.0,1,04/19/2019,1,quietcranberry
1420,0.0,0.020784835384103757,2.65,1.55,1,04/19/2019,1,quietcranberry
1421,0.631,0.2760226139008979,2.475,2.6500000000000004,1,04/19/2019,1,quietcranberry
1422,1.034,0.0712919853674759,3.05,1.25,0,04/18/2019,1,quietcranberry
1423,0.909,0.0519620884602594,2.0,1.85,0,04/17/2019,1,quietcranberry
1424,0.0,0.0033255736614566014,2.5,0.0,0,04/17/2019,1,quietcranberry
1425,0.196,0.12034419687396077,3.525,1.9500000000000002,1,04/17/2019,1,quietcranberry
1426,1.6670000000000003,0.06089956767542401,2.05,2.3499999999999996,1,04/17/2019,1,quietcranberry
1427,0.282,0.18727136681077486,3.225,2.45,0,04/16/2019,1,quietcranberry
1428,0.0,0.08542567342866644,2.55,2.9499999999999997,0,04/16/2019,1,quietcranberry
1429,0.27,0.08272364482873296,3.0,3.65,0,04/16/2019,1,quietcranberry
1430,0.392,0.10496341868972399,2.25,2.05,0,04/16/2019,1,quietcranberry
1431,0.164,0.13905054871965414,2.05,2.0,0,04/16/2019,1,quietcranberry
1432,0.435,0.26375956102427667,3.15,2.05,1,04/04/2019,1,quietcranberry
1433,2.0,0.010808114399733955,2.5,0.0,1,03/30/2019,1,quietcranberry
1434,0.606,0.07191553042899901,1.75,2.0,0,03/27/2019,1,quietcranberry
1435,1.026,0.09082973062853343,1.775,2.7,1,03/23/2019,1,quietcranberry
1436,2.5,0.011847356168939142,2.5,0.0,0,03/23/2019,1,quietcranberry
1437,0.192,0.2924426338543399,1.95,2.8000000000000003,1,03/22/2019,1,quietcranberry
1439,0.0,0.04364815430661789,2.625,2.0,1,04/19/2019,1,ballettapandjazz
1440,0.18500000000000003,0.11535583638177586,2.575,3.15,0,04/17/2019,1,ballettapandjazz
1441,0.0,0.0962337878284004,2.0,2.0,0,04/16/2019,1,ballettapandjazz
1442,0.167,0.13863485201197207,2.5,2.3000000000000003,0,04/13/2019,1,ballettapandjazz
1443,0.42400000000000004,0.304289990023279,2.6,2.9499999999999997,0,04/13/2019,1,ballettapandjazz
1444,0.0,0.040322580645161296,3.075,1.1,0,04/12/2019,1,ballettapandjazz
1445,0.8160000000000001,0.11577153308945794,2.75,2.6,0,04/11/2019,1,ballettapandjazz
1446,0.0,0.0712919853674759,3.375,1.5,0,04/09/2019,1,ballettapandjazz
1447,0.31200000000000006,0.07607249750581976,3.5,4.0,0,04/09/2019,1,ballettapandjazz
1448,0.0,0.03554206850681743,0.75,3.35,0,04/09/2019,1,ballettapandjazz
1449,0.0,0.08688061190555371,2.1,2.2,0,04/03/2019,1,ballettapandjazz
1450,0.0,0.09373960758230795,2.025,3.0,1,04/02/2019,1,ballettapandjazz
1451,0.7690000000000001,0.0602760226139009,2.25,3.5,0,03/30/2019,1,ballettapandjazz
1452,0.0,0.2018207515796475,2.075,1.7999999999999998,0,03/06/2019,1,ballettapandjazz
1453,0.0,0.1448703026272032,2.9,2.2,0,03/04/2019,1,ballettapandjazz
1454,0.784,0.11410874625872963,3.5,2.8000000000000003,0,02/27/2019,1,ballettapandjazz
1455,1.0,0.014965081476554705,2.55,3.1,0,02/23/2019,1,ballettapandjazz
1456,0.488,0.09041403392085134,2.5,2.3000000000000003,0,02/18/2019,1,ballettapandjazz
1457,0.0,0.14466245427336216,2.3,2.05,0,02/18/2019,1,ballettapandjazz
1458,0.084,0.28683072830063183,2.4,0.8999999999999999,0,02/17/2019,1,ballettapandjazz
1459,0.667,0.1752161622879947,2.725,1.55,0,02/01/2019,1,ballettapandjazz
1468,0.0,0.031385101429996676,3.15,2.5,0,04/20/2019,1,MtgR0uge
1469,0.0,0.005819753907549052,2.5,0.0,0,04/17/2019,1,MtgR0uge
1470,0.909,0.02514965081476555,2.5,0.0,1,04/08/2019,1,MtgR0uge
1471,0.0,0.04427169936814101,2.5,0.0,1,04/07/2019,1,MtgR0uge
1472,0.0,0.0226554705686731,2.5,0.0,0,04/07/2019,1,MtgR0uge
1473,1.429,0.010808114399733955,4.25,3.0,1,04/06/2019,1,MtgR0uge
1474,0.0,0.010600266045892917,2.5,0.0,1,04/06/2019,1,MtgR0uge
1475,0.0,0.02514965081476555,1.225,4.35,1,03/19/2019,1,MtgR0uge
1476,0.0,0.010808114399733955,2.5,0.0,0,03/19/2019,1,MtgR0uge
1477,0.0,0.001039241769205188,2.0,0.75,0,03/17/2019,1,MtgR0uge
1478,0.0,0.04073827735284337,3.3,2.4,1,03/16/2019,1,MtgR0uge
1479,0.0,0.00041569670768207495,2.5,0.0,0,03/16/2019,1,MtgR0uge
1480,0.0,0.014757233122713669,3.075,1.9,0,03/16/2019,1,MtgR0uge
1481,0.0,0.04822081809112072,1.825,1.6,0,03/12/2019,1,MtgR0uge
1482,0.0,0.13821915530429,2.075,1.75,0,03/12/2019,1,MtgR0uge
1483,0.0,0.03533422015297639,2.5,0.0,0,03/12/2019,1,MtgR0uge
1484,0.37000000000000005,0.0696291985367476,2.5,0.35000000000000003,0,03/11/2019,1,MtgR0uge
1485,0.0,0.018290655138011307,2.5,0.0,1,03/10/2019,1,MtgR0uge
1486,0.0,0.021408380445626873,2.85,2.5,1,03/10/2019,1,MtgR0uge
1487,0.645,0.06277020285999335,2.95,2.0,0,03/09/2019,1,MtgR0uge
1488,0.15900000000000003,0.1581725972730296,1.725,2.9,0,03/07/2019,1,MtgR0uge
1515,0.254,0.31343531759228466,2.225,2.2,1,04/21/2019,1,dexer2008
1516,0.0,0.03450282673761224,1.375,3.5,0,04/19/2019,1,dexer2008
1517,0.0,0.018498503491852343,4.25,3.0,0,04/19/2019,1,dexer2008
1518,0.0,0.05736614566012638,2.5,2.9,0,04/17/2019,1,dexer2008
1519,0.0,0.10080645161290323,2.85,2.15,0,04/12/2019,1,dexer2008
1520,0.714,0.07066844030595278,4.0,4.5,1,04/10/2019,1,dexer2008
1521,0.435,0.1498586631193881,2.65,1.5,0,04/09/2019,1,dexer2008
1522,0.909,0.019329896907216496,1.5,3.0,0,04/07/2019,1,dexer2008
1523,0.0,0.05819753907549052,2.5,0.0,0,04/04/2019,1,dexer2008
1524,0.37000000000000005,0.06131526438310608,2.4,2.55,0,03/15/2019,1,dexer2008
1525,0.0,0.04822081809112072,2.4,1.7999999999999998,0,03/14/2019,1,dexer2008
1526,0.196,0.12408546724309943,3.0,2.5,0,03/06/2019,1,dexer2008
1527,0.0,0.013510142999667444,3.5,4.5,0,03/06/2019,1,dexer2008
1528,0.0,0.09020618556701031,2.25,2.3000000000000003,1,02/26/2019,1,dexer2008
1529,0.34500000000000003,0.06900565347522448,2.35,1.7000000000000002,0,02/18/2019,1,dexer2008
1530,0.213,0.11930495510475557,2.675,1.45,0,02/18/2019,1,dexer2008
1531,0.484,0.14362321250415697,2.7,1.9500000000000002,0,02/18/2019,1,dexer2008
1532,0.0,0.029722314599268378,2.95,2.55,0,02/18/2019,1,dexer2008
1533,0.0,0.030969404722314603,2.25,2.25,0,02/17/2019,1,dexer2008
1534,0.0,0.03200864649151979,2.675,1.25,0,02/16/2019,1,dexer2008
1535,0.6120000000000001,0.10621050881277021,2.875,2.55,0,02/15/2019,1,dexer2008
1536,0.513,0.09270036581310276,2.5,0.0,0,02/14/2019,1,dexer2008
1537,0.41700000000000004,0.17334552710342535,2.05,3.05,0,02/12/2019,1,dexer2008
1538,0.0,0.09540239441303626,2.05,2.4,0,02/09/2019,1,dexer2008
1539,0.0,0.045518789491187234,2.5,0.0,0,02/04/2019,1,dexer2008
1701,0.361,0.1775024941802461,2.85,2.4,0,04/19/2019,1,jaypp_
1702,0.225,0.22634685733288992,3.075,2.05,0,04/19/2019,1,jaypp_
1703,0.18500000000000003,0.1425839707349518,2.925,2.55,1,04/19/2019,1,jaypp_
1704,0.42400000000000004,0.29950947788493515,2.825,2.3499999999999996,0,04/15/2019,1,jaypp_
1705,0.167,0.16129032258064516,2.3,3.55,0,03/29/2019,1,jaypp_
1706,0.333,0.16066677751912206,2.2,3.35,1,03/29/2019,1,jaypp_
1707,0.0,0.02909876953774526,3.225,2.7,0,03/14/2019,1,jaypp_
1708,0.0,0.059028932490854676,1.75,3.0,0,02/23/2019,1,jaypp_
1709,0.545,0.13260724975058197,2.9,2.6,0,02/22/2019,1,jaypp_
1710,1.045,0.17064349850349186,2.325,3.3000000000000003,0,02/08/2019,1,jaypp_
1711,0.286,0.09498669770535417,2.925,1.1500000000000001,0,02/08/2019,1,jaypp_
1712,0.133,0.19579314931825742,2.75,2.7,0,02/01/2019,1,jaypp_
1713,0.793,0.3895078150981044,2.425,2.6,0,01/30/2019,1,jaypp_
1714,0.323,0.14840372464250084,2.6,2.2,0,01/21/2019,1,jaypp_
1715,0.49000000000000005,0.271034253408713,2.7,1.7000000000000002,0,01/16/2019,1,jaypp_
1716,0.5710000000000001,0.07835882939807118,2.65,2.6,1,01/16/2019,1,jaypp_
1717,1.111,0.04156967076820752,3.75,2.5,0,01/13/2019,1,jaypp_
1718,0.333,0.1405054871965414,2.125,2.9,0,01/13/2019,1,jaypp_
1719,0.0,0.12782673761223812,2.375,1.5,0,01/08/2019,1,jaypp_
1720,0.625,0.15359993348852677,1.95,2.1,0,12/27/2018,1,jaypp_
1721,0.122,0.21034253408713005,2.975,3.0,1,12/25/2018,1,jaypp_
1722,0.15400000000000003,0.1652394413036249,2.55,2.3000000000000003,0,12/24/2018,1,jaypp_
1723,0.274,0.5352095111406717,2.35,2.7,0,12/14/2018,1,jaypp_
1768,1.154,0.05341702693714666,2.7,2.1,0,04/19/2019,1,nearsightedghost0608
1769,0.0,0.004156967076820751,3.75,3.0,0,04/10/2019,1,nearsightedghost0608
1770,0.0,0.027228134353175927,2.325,0.8999999999999999,0,04/08/2019,1,nearsightedghost0608
1771,0.625,0.10745759893581644,2.5,0.5,0,03/26/2019,1,nearsightedghost0608
1772,0.0,0.060691719321582974,2.925,0.8500000000000001,0,03/25/2019,1,nearsightedghost0608
1773,0.8890000000000001,0.09831227136681078,1.725,2.5,0,03/23/2019,1,nearsightedghost0608
1774,0.909,0.04614233455271034,3.3,2.75,0,03/22/2019,1,nearsightedghost0608
1775,0.0,0.01621217159960093,3.175,2.3499999999999996,0,03/16/2019,1,nearsightedghost0608
1776,0.976,0.08584137013634853,1.9249999999999998,2.4,0,03/15/2019,1,nearsightedghost0608
1777,1.091,0.12533255736614565,2.7,3.55,0,03/14/2019,1,nearsightedghost0608
1778,0.0,0.04822081809112072,2.675,2.6500000000000004,0,03/12/2019,1,nearsightedghost0608
1779,0.0,0.048636514798802793,2.8,3.75,0,03/12/2019,1,nearsightedghost0608
1780,1.613,0.06588792816760891,2.95,2.05,0,03/10/2019,1,nearsightedghost0608
1781,0.0,0.020369138676421684,3.75,3.0,0,03/05/2019,1,nearsightedghost0608
1782,1.053,0.03574991686065847,3.75,1.0,0,03/04/2019,1,nearsightedghost0608
1783,0.0,0.04053042899900233,2.0,2.0,0,03/02/2019,1,nearsightedghost0608
1784,0.645,0.13780345859660792,3.3,2.6500000000000004,0,03/01/2019,1,nearsightedghost0608
1785,0.8330000000000001,0.04676587961423346,2.525,2.8499999999999996,0,02/26/2019,1,nearsightedghost0608
1786,0.0,0.06817426005986033,2.475,2.3499999999999996,0,02/25/2019,1,nearsightedghost0608
1787,0.8570000000000001,0.08376288659793815,2.825,1.7999999999999998,0,02/25/2019,1,nearsightedghost0608
1788,0.244,0.0912454273362155,2.5,0.35000000000000003,0,02/21/2019,1,nearsightedghost0608
1789,0.357,0.060068174260059864,2.325,2.2,0,02/16/2019,1,nearsightedghost0608
1817,0.8,0.17958097771865647,2.775,2.3499999999999996,0,04/19/2019,1,BurnerBurnerAccount
1818,0.8109999999999999,0.08895909544396409,1.425,3.4499999999999997,0,03/09/2019,1,BurnerBurnerAccount
1819,0.606,0.08106085799800467,2.6,2.25,1,02/05/2019,1,BurnerBurnerAccount
1820,0.0,0.02909876953774526,2.575,2.05,1,01/04/2019,1,BurnerBurnerAccount
1821,0.0,0.0945710009976721,3.575,3.75,1,10/31/2018,1,BurnerBurnerAccount
1822,0.0,0.012678749584303293,2.5,0.0,0,08/31/2018,1,BurnerBurnerAccount
1823,0.5660000000000001,0.24837878284003992,2.325,2.3000000000000003,0,05/20/2018,1,BurnerBurnerAccount
1824,0.233,0.10246923844363152,2.375,2.05,1,03/11/2018,1,BurnerBurnerAccount
1825,0.0,0.08979048885932824,2.05,2.5,1,01/05/2018,1,BurnerBurnerAccount
1826,0.333,0.18041237113402062,2.675,1.3,0,12/31/2017,1,BurnerBurnerAccount
1827,0.541,0.08937479215164616,2.5,4.699999999999999,0,11/17/2017,1,BurnerBurnerAccount
1828,0.9430000000000001,0.11119886930495511,2.9,1.7000000000000002,1,10/29/2017,1,BurnerBurnerAccount
1829,0.8330000000000001,0.12075989358164284,2.325,2.7,0,08/06/2017,1,BurnerBurnerAccount
1830,0.128,0.17854173594945127,2.4,1.9,0,07/17/2017,1,BurnerBurnerAccount
1831,0.0,0.06422514133688062,3.125,3.4499999999999997,1,07/04/2017,1,BurnerBurnerAccount
1832,0.27799999999999997,0.08355503824409712,2.9,2.0,1,06/28/2017,1,BurnerBurnerAccount
1833,0.41100000000000003,0.18353009644163618,2.875,2.1,0,06/20/2017,1,BurnerBurnerAccount
1834,0.899,0.21429165281010976,2.4,2.75,0,05/28/2017,1,BurnerBurnerAccount
1835,0.0,0.15443132690389091,2.75,1.9,0,05/21/2017,1,BurnerBurnerAccount
1836,0.6000000000000001,0.12637179913535085,3.175,2.1,0,05/14/2017,1,BurnerBurnerAccount
1837,0.543,0.22863318922514134,2.625,2.15,0,04/27/2017,1,BurnerBurnerAccount
1906,0.645,0.30075656800798134,2.55,2.3499999999999996,0,04/19/2019,1,EqualFaithlessness
1908,0.0,0.07544895244429664,2.85,1.0,1,04/10/2019,1,EqualFaithlessness
1909,0.462,0.1475723312271367,2.35,2.4,0,04/03/2019,1,EqualFaithlessness
1910,0.0,0.07669604256734287,2.475,2.6,0,03/27/2019,1,EqualFaithlessness
1911,0.0,0.014341536415031593,3.75,2.5,1,03/19/2019,1,EqualFaithlessness
1912,0.189,0.10766544728965748,3.075,2.7,1,02/26/2019,1,EqualFaithlessness
1913,0.10300000000000001,0.22302128367143334,2.55,2.6,0,02/24/2019,1,EqualFaithlessness
1914,0.0,0.14299966744263387,2.875,2.25,0,02/06/2019,1,EqualFaithlessness
1915,0.7690000000000001,0.10475557033588294,2.95,2.3000000000000003,0,01/28/2019,1,EqualFaithlessness
1916,0.101,0.2564848686398404,2.7,2.2,0,01/16/2019,1,EqualFaithlessness
1917,0.22000000000000003,0.21928001330229466,2.925,2.4,1,01/09/2019,1,EqualFaithlessness
1918,0.294,0.16274526105753243,3.075,1.85,1,12/21/2018,1,EqualFaithlessness
1919,0.233,0.09602593947455937,2.7,1.3,0,12/18/2018,1,EqualFaithlessness
1920,0.286,0.08189225141336881,2.625,1.3,0,12/18/2018,1,EqualFaithlessness
1921,0.263,0.08334718989025608,2.75,1.55,0,12/12/2018,1,EqualFaithlessness
1922,0.952,0.055287662121716,2.3,1.6,0,12/08/2018,1,EqualFaithlessness
1923,0.41100000000000003,0.17396907216494847,2.725,1.7999999999999998,0,11/23/2018,1,EqualFaithlessness
1924,0.44100000000000006,0.14902726970402394,2.975,2.4,1,11/08/2018,1,EqualFaithlessness
1925,0.18200000000000002,0.1344778849351513,2.65,2.05,0,10/31/2018,1,EqualFaithlessness
1926,0.27,0.07877452610575325,2.5,1.25,0,08/29/2018,1,EqualFaithlessness
1927,0.42000000000000004,0.27955603591619554,2.675,2.25,1,06/01/2018,1,EqualFaithlessness
1928,0.0,0.13136015962753575,2.175,2.5,0,05/27/2018,1,EqualFaithlessness
1929,0.303,0.07731958762886598,3.35,2.45,0,05/24/2018,1,EqualFaithlessness
1937,0.685,0.17874958430329232,2.375,2.6,1,04/20/2019,1,hopelessdramatic
1938,0.9430000000000001,0.13011306950448953,2.45,2.05,0,04/13/2019,1,hopelessdramatic
1939,0.0,0.012470901230462255,1.775,2.7,0,04/11/2019,1,hopelessdramatic
1940,0.392,0.12263052876621217,1.525,2.25,0,04/08/2019,1,hopelessdramatic
1941,1.111,0.08854339873628202,2.5,2.6500000000000004,0,04/06/2019,1,hopelessdramatic
1942,0.476,0.0956102427668773,2.625,2.1,0,03/19/2019,1,hopelessdramatic
1943,1.042,0.1039241769205188,2.875,2.1,0,03/12/2019,1,hopelessdramatic
1944,0.755,0.13780345859660792,3.225,2.75,1,03/10/2019,1,hopelessdramatic
1945,0.6980000000000001,0.09186897239773861,2.775,1.75,1,03/01/2019,1,hopelessdramatic
1946,3.333,0.004364815430661789,2.5,3.75,1,02/27/2019,1,hopelessdramatic
1947,0.952,0.041985367475889594,1.25,3.4499999999999997,0,02/21/2019,1,hopelessdramatic
1948,1.5090000000000001,0.12491686065846358,2.725,2.9499999999999997,0,02/21/2019,1,hopelessdramatic
1949,0.435,0.12283837712005322,2.675,2.4,0,02/15/2019,1,hopelessdramatic
1950,0.548,0.1531842367808447,2.4,2.7,0,02/15/2019,1,hopelessdramatic
1951,0.253,0.17687894911872298,2.25,2.75,1,02/12/2019,1,hopelessdramatic
1952,0.667,0.221150648486864,2.775,2.55,1,02/12/2019,1,hopelessdramatic
1953,0.0,0.01371799135350848,2.5,0.0,0,02/06/2019,1,hopelessdramatic
1954,0.0,0.11286165613568341,3.0,1.3,1,01/31/2019,1,hopelessdramatic
1955,0.2,0.12491686065846358,2.275,1.0,1,01/23/2019,1,hopelessdramatic
1956,0.323,0.20930329231792486,2.6,1.7000000000000002,1,01/23/2019,1,hopelessdramatic
1957,0.376,0.4828317259727303,2.65,1.7000000000000002,1,01/23/2019,1,hopelessdramatic
1958,0.517,0.1321915530428999,2.375,2.5,0,01/07/2019,1,hopelessdramatic
1959,0.5990000000000001,0.4360658463584968,2.55,1.6,0,01/02/2019,1,hopelessdramatic
1961,0.323,0.06671932158297307,1.6,3.0,1,04/18/2019,1,icantkeepdoingthis8
1962,0.256,0.09602593947455937,2.55,1.35,0,03/26/2019,1,icantkeepdoingthis8
1963,0.455,1.841536415031593,2.45,2.7,1,03/16/2019,1,icantkeepdoingthis8
1964,0.133,0.21200532091785834,2.075,2.9499999999999997,0,03/05/2019,1,icantkeepdoingthis8
1965,0.35400000000000004,0.2733205853009644,2.25,2.45,0,02/12/2019,1,icantkeepdoingthis8
1966,0.164,0.1614981709344862,3.25,2.6500000000000004,0,01/29/2019,1,icantkeepdoingthis8
1967,0.0,0.12034419687396077,3.0,1.75,1,01/05/2019,1,icantkeepdoingthis8
1968,0.82,0.29327402726970403,2.3,3.0,0,12/25/2018,1,icantkeepdoingthis8
1969,0.0,0.16794146990355838,2.55,1.75,0,12/23/2018,1,icantkeepdoingthis8
1970,0.15900000000000003,0.15775690056534752,2.7,1.9,1,10/26/2018,1,icantkeepdoingthis8
1971,0.11200000000000002,0.21595443964083805,2.25,2.25,0,10/23/2018,1,icantkeepdoingthis8
1972,0.0,0.07711173927502495,2.15,2.6,0,09/29/2018,1,icantkeepdoingthis8
1973,0.375,0.2018207515796475,2.275,2.8499999999999996,1,09/16/2018,1,icantkeepdoingthis8
1974,0.4650000000000001,0.2300881277020286,2.725,2.8000000000000003,0,09/10/2018,1,icantkeepdoingthis8
1975,0.7250000000000001,0.1862321250415697,1.9249999999999998,3.25,0,09/08/2018,1,icantkeepdoingthis8
1976,0.26,0.16711007648819423,2.075,3.8,1,09/06/2018,1,icantkeepdoingthis8
1977,0.513,0.28371300299301627,2.4,2.3499999999999996,1,09/04/2018,1,icantkeepdoingthis8
1978,0.24700000000000003,0.2184486198869305,2.875,2.9499999999999997,1,07/31/2018,1,icantkeepdoingthis8
1979,0.167,0.14798802793481877,2.475,2.1,1,07/26/2018,1,icantkeepdoingthis8
1980,0.7410000000000001,0.1525606917193216,3.075,1.9,0,07/15/2018,1,icantkeepdoingthis8
1981,0.44100000000000006,0.1814516129032258,2.9,2.45,1,07/11/2018,1,icantkeepdoingthis8
1982,0.5710000000000001,0.09207682075157965,2.525,2.55,0,07/08/2018,1,icantkeepdoingthis8
1983,0.0,0.07108413701363486,1.95,1.85,1,06/22/2018,1,icantkeepdoingthis8
1984,0.714,0.23486863984037248,1.775,2.3499999999999996,1,06/22/2018,1,icantkeepdoingthis8
1985,0.303,0.08376288659793815,2.025,1.9500000000000002,1,06/16/2018,1,icantkeepdoingthis8
2225,0.0,0.017667110076488197,1.875,0.65,1,04/21/2019,1,Doncys
2226,0.0,0.06422514133688062,2.6,1.9500000000000002,0,04/20/2019,1,Doncys
2227,0.2,0.3308945793149318,2.525,3.0,1,04/20/2019,1,Doncys
2228,0.0,0.01870635184569338,2.5,0.0,0,03/19/2019,1,Doncys
2229,0.0,0.06900565347522448,2.3,1.75,0,03/17/2019,1,Doncys
2230,0.233,0.19579314931825742,2.525,2.6,1,02/14/2019,1,Doncys
2231,0.096,0.20722480877951446,3.15,2.55,0,02/10/2019,1,Doncys
2232,0.0,0.004156967076820751,3.0,1.5,1,02/08/2019,1,Doncys
2233,0.135,0.1502743598270702,2.65,1.9500000000000002,0,02/06/2019,1,Doncys
2234,0.0,0.011431659461257068,2.325,0.15,0,02/05/2019,1,Doncys
2235,0.0,0.06464083804456269,2.85,2.6,0,02/03/2019,1,Doncys
2236,0.667,0.031800798137678755,3.575,3.9000000000000004,1,01/30/2019,1,Doncys
2237,0.0,0.03325573661456602,2.1,3.4499999999999997,0,01/28/2019,1,Doncys
2238,0.0,0.004572663784502827,2.0,0.75,1,01/09/2019,1,Doncys
2239,0.41700000000000004,0.09311606252078485,2.15,2.25,0,01/04/2019,1,Doncys
2240,0.0,0.009353175922846691,2.5,0.0,1,01/04/2019,1,Doncys
2241,0.217,0.08355503824409712,2.3,2.7,0,12/07/2018,1,Doncys
2243,0.0,0.00769038909211839,2.5,0.0,0,11/24/2018,1,Doncys
2244,0.0,0.011639507815098104,2.5,0.0,0,11/24/2018,1,Doncys
2245,0.0,0.027643831060858,1.5,3.0,0,11/21/2018,1,Doncys
2325,0.5660000000000001,0.25544562687063516,2.45,2.7,0,04/20/2019,1,CaffeineMink
2326,0.55,0.2623046225473894,2.55,2.8499999999999996,0,04/19/2019,1,CaffeineMink
2327,0.0,0.041985367475889594,2.65,3.75,0,04/10/2019,1,CaffeineMink
2328,0.0,0.07919022281343532,2.325,0.6,0,04/06/2019,1,CaffeineMink
2330,0.0,0.02577319587628866,4.0,4.5,1,03/22/2019,1,CaffeineMink
2331,0.0,0.012470901230462255,2.5,2.5,1,03/22/2019,1,CaffeineMink
2332,0.0,0.07316262055204523,2.6,1.9,0,03/17/2019,1,CaffeineMink
2333,0.0,0.015172929830395745,2.5,0.0,0,03/17/2019,1,CaffeineMink
2334,0.0,0.03554206850681743,2.5,0.0,0,03/13/2019,1,CaffeineMink
2335,0.517,0.13863485201197207,2.25,1.7999999999999998,0,03/07/2019,1,CaffeineMink
2336,0.545,0.13136015962753575,2.25,2.0,0,03/07/2019,1,CaffeineMink
2337,0.0,0.06401729298303958,0.75,3.35,0,03/07/2019,1,CaffeineMink
2338,0.0,0.00769038909211839,2.325,0.15,0,03/05/2019,1,CaffeineMink
2339,0.34500000000000003,0.07295477219820419,3.3,2.75,0,03/02/2019,1,CaffeineMink
2340,0.0,0.015796474891918856,2.5,0.0,0,02/28/2019,1,CaffeineMink
2341,0.0,0.07191553042899901,3.125,1.6500000000000001,0,02/24/2019,1,CaffeineMink
2342,0.0,0.07233122713668108,3.125,1.6500000000000001,0,02/24/2019,1,CaffeineMink
2343,0.0,0.03886764216827403,2.55,1.9500000000000002,0,02/24/2019,1,CaffeineMink
2344,0.526,0.031385101429996676,2.5,0.0,0,02/12/2019,1,CaffeineMink
2346,0.0,0.03824409710675092,2.075,2.7,0,02/10/2019,1,CaffeineMink
2365,0.42000000000000004,0.2936897239773861,2.375,1.85,0,04/21/2019,1,What_I_do_45
2366,1.7309999999999999,0.13780345859660792,2.875,2.3499999999999996,0,04/20/2019,1,What_I_do_45
2367,0.9380000000000002,0.07482540738277353,2.975,1.4000000000000001,0,04/20/2019,1,What_I_do_45
2368,0.7410000000000001,0.07482540738277353,2.5,2.9499999999999997,1,04/20/2019,1,What_I_do_45
2369,0.24100000000000002,0.23362154971732624,2.325,2.3499999999999996,0,04/19/2019,1,What_I_do_45
2370,0.481,0.28371300299301627,2.15,2.7,1,04/18/2019,1,What_I_do_45
2371,0.219,0.7989690721649485,2.2,2.2,0,04/17/2019,1,What_I_do_45
2372,0.53,0.32840039906883933,1.6,3.3000000000000003,1,04/17/2019,1,What_I_do_45
2373,0.537,0.5015380778184236,1.725,3.4499999999999997,1,04/16/2019,1,What_I_do_45
2374,0.647,0.32154140339208515,1.875,3.2,0,04/16/2019,1,What_I_do_45
2375,0.41700000000000004,0.182490854672431,2.025,3.35,1,04/16/2019,1,What_I_do_45
2376,0.6400000000000001,1.1013884270036582,2.2,2.7,1,04/14/2019,1,What_I_do_45
2377,0.41,0.32278849351513134,1.475,3.0,0,04/13/2019,1,What_I_do_45
2378,0.526,0.19288327236448288,1.775,3.35,0,04/12/2019,1,What_I_do_45
2379,0.0,0.03117725307615564,2.225,2.3000000000000003,0,04/12/2019,1,What_I_do_45
2380,0.625,0.0752411040904556,2.525,1.75,1,04/12/2019,1,What_I_do_45
2381,0.5559999999999999,0.03616561356834054,3.0,2.55,1,04/11/2019,1,What_I_do_45
2382,1.212,0.07815098104423013,2.0,3.2,1,04/10/2019,1,What_I_do_45
2383,0.588,0.19392251413368808,2.6,2.7,0,04/10/2019,1,What_I_do_45
2384,2.708,0.10683405387429332,1.6749999999999998,2.9,1,04/10/2019,1,What_I_do_45
2385,0.743,0.730171267043565,2.375,2.9499999999999997,1,04/09/2019,1,What_I_do_45
2386,0.667,0.03284003990688394,2.875,1.25,1,04/09/2019,1,What_I_do_45
2387,0.667,0.037828400399068846,2.175,3.5,0,04/08/2019,1,What_I_do_45
2388,0.42900000000000005,0.15983538410375792,2.275,3.3000000000000003,0,04/07/2019,1,What_I_do_45
2447,0.323,0.061107416029265046,1.7999999999999998,2.6500000000000004,0,04/20/2019,1,UnknownBroken
2448,0.548,0.1752161622879947,3.125,1.2,0,04/19/2019,1,UnknownBroken
2449,0.0,0.01912204855337546,2.5,0.0,0,04/15/2019,1,UnknownBroken
2450,0.5,0.04219321582973063,2.5,0.35000000000000003,0,04/12/2019,1,UnknownBroken
2451,0.625,0.03284003990688394,2.5,0.0,0,04/12/2019,1,UnknownBroken
2452,0.39,0.6037994679082141,2.05,2.6500000000000004,0,04/11/2019,1,UnknownBroken
2453,1.25,0.05965247755237779,2.1,3.15,0,04/11/2019,1,UnknownBroken
2454,0.0,0.08334718989025608,2.425,2.7,0,04/08/2019,1,UnknownBroken
2455,0.0,0.014549384768872633,3.5,1.9,0,04/04/2019,1,UnknownBroken
2456,0.388,0.2862071832391087,2.425,1.9500000000000002,0,04/03/2019,1,UnknownBroken
2457,0.37000000000000005,0.11577153308945794,1.65,2.9,1,04/03/2019,1,UnknownBroken
2458,0.0,0.013094446291985367,1.5,3.0,1,04/03/2019,1,UnknownBroken
2459,0.0,0.01870635184569338,2.3,0.6,0,03/29/2019,1,UnknownBroken
2460,0.4,0.0602760226139009,2.725,2.3499999999999996,0,03/29/2019,1,UnknownBroken
2461,0.0,0.004988360492184902,2.5,0.0,1,03/24/2019,1,UnknownBroken
2462,0.0,0.11826571333555039,1.45,2.45,1,03/23/2019,1,UnknownBroken
2463,0.0,0.00852178250748254,2.5,0.0,1,03/20/2019,1,UnknownBroken
2464,0.0,0.027851679414699036,2.375,2.0,0,03/20/2019,1,UnknownBroken
2465,0.0,0.01704356501496508,3.175,1.9,1,03/18/2019,1,UnknownBroken
2466,0.0,0.03117725307615564,1.525,3.3000000000000003,0,03/16/2019,1,UnknownBroken
2467,0.678,0.13468573328899236,3.15,2.3499999999999996,0,03/16/2019,1,UnknownBroken
2468,0.18500000000000003,0.2521200532091786,2.575,0.8500000000000001,1,03/16/2019,1,UnknownBroken
2469,0.667,0.025981044230129695,2.5,0.0,0,03/13/2019,1,UnknownBroken
2637,0.526,0.048012969737279684,1.3250000000000002,3.35,1,04/19/2019,1,INeededHelp
2638,1.379,0.05986032590621883,1.25,5.0,0,04/19/2019,1,INeededHelp
2639,0.10600000000000001,0.2629281676089125,2.9,1.25,0,04/17/2019,1,INeededHelp
2640,0.238,0.10808114399733955,2.475,2.0,0,04/17/2019,1,INeededHelp
2641,1.0,0.07233122713668108,2.6,2.3499999999999996,0,04/16/2019,1,INeededHelp
2642,1.429,0.012678749584303293,2.5,0.0,0,04/11/2019,1,INeededHelp
2643,0.588,0.031385101429996676,1.575,4.050000000000001,0,04/11/2019,1,INeededHelp
2644,0.909,0.06505653475224477,3.15,2.8499999999999996,0,04/08/2019,1,INeededHelp
2645,0.5,0.04718157632191553,2.775,2.3499999999999996,0,04/07/2019,1,INeededHelp
2646,0.8890000000000001,0.099559361489857,2.175,3.25,0,03/25/2019,1,INeededHelp
2647,0.0,0.023694712337878288,2.5,0.0,0,03/22/2019,1,INeededHelp
2648,2.222,0.021408380445626873,2.5,0.0,0,03/21/2019,1,INeededHelp
2649,0.8330000000000001,0.02577319587628866,3.75,3.0,0,03/21/2019,1,INeededHelp
2650,0.0,0.09186897239773861,2.875,1.9500000000000002,0,03/19/2019,1,INeededHelp
2651,0.0,0.056534752244762225,1.825,4.0,1,03/11/2019,1,INeededHelp
2652,0.952,0.05424842035251081,2.5,0.0,1,03/11/2019,1,INeededHelp
2653,0.714,0.06671932158297307,1.875,1.25,0,03/09/2019,1,INeededHelp
2654,0.8330000000000001,0.026812437645493847,3.0,1.0,0,03/09/2019,1,INeededHelp
2655,0.5559999999999999,0.03658131027602261,3.25,1.75,1,03/07/2019,1,INeededHelp
2656,1.053,0.08500997672098437,2.2,2.5,0,03/06/2019,1,INeededHelp
2657,0.0,0.024941802460924513,2.5,0.0,0,03/05/2019,1,INeededHelp
2658,0.87,0.05133854339873629,1.875,2.8000000000000003,1,03/01/2019,1,INeededHelp
2659,0.0,0.021408380445626873,0.5,4.5,1,02/27/2019,1,INeededHelp
2660,0.0,0.027228134353175927,2.5,0.0,0,02/24/2019,1,INeededHelp
2718,0.909,0.07981376787495843,2.725,2.1,1,04/19/2019,1,killbot-factory
2719,0.476,0.05133854339873629,2.025,2.2,1,04/19/2019,1,killbot-factory
2720,0.37400000000000005,0.5383272364482873,2.325,2.3499999999999996,1,04/18/2019,1,killbot-factory
2721,0.597,0.34856168939142,2.1,2.7,1,02/05/2019,1,killbot-factory
2722,0.0,0.09290821416694381,1.7999999999999998,2.6500000000000004,1,02/01/2019,1,killbot-factory
2723,0.588,0.30325074825407383,1.45,3.4000000000000004,0,01/27/2019,1,killbot-factory
2724,1.0710000000000002,0.059028932490854676,2.35,2.4,1,01/25/2019,1,killbot-factory
2725,0.42900000000000005,0.1791652810109744,3.0,3.55,1,01/22/2019,1,killbot-factory
2726,0.29900000000000004,0.16856501496508147,2.825,2.8000000000000003,1,01/22/2019,1,killbot-factory
2727,0.8820000000000001,0.16336880611905555,2.225,1.6500000000000001,0,01/16/2019,1,killbot-factory
2728,0.0,0.12865813102760226,2.6,2.4,1,12/19/2018,1,killbot-factory
2729,0.0,0.10163784502826738,2.45,2.05,1,12/19/2018,1,killbot-factory
2730,0.0,0.08293149318257399,2.25,2.25,1,11/25/2018,1,killbot-factory
2731,0.4,0.1188892583970735,2.9,3.25,1,11/23/2018,1,killbot-factory
2732,0.20600000000000002,0.20888759561024278,2.35,2.4,1,11/05/2018,1,killbot-factory
2733,0.0,0.06796641170601929,2.375,2.8000000000000003,0,10/10/2018,1,killbot-factory
2734,0.0,0.043440305952776856,2.325,0.15,1,10/08/2018,1,killbot-factory
2735,0.0,0.0031177253076155632,3.0,3.25,0,10/07/2018,1,killbot-factory
2736,0.238,0.10184569338210842,1.875,3.1,0,10/03/2018,1,killbot-factory
2737,0.244,0.18477718656468242,2.275,2.15,1,09/28/2018,1,killbot-factory
2738,0.909,0.04406385101429997,1.625,3.25,1,09/25/2018,1,killbot-factory
2739,0.625,0.1974559361489857,2.375,2.8000000000000003,1,09/22/2018,1,killbot-factory
2753,0.263,0.07233122713668108,2.0,2.0,1,04/21/2019,1,thegamerrr
2754,0.0,0.08854339873628202,2.5,1.2,0,04/14/2019,1,thegamerrr
2755,0.0,0.04780512138343865,2.025,2.05,1,04/11/2019,1,thegamerrr
2756,0.714,0.026188892583970738,3.0,2.75,0,04/10/2019,1,thegamerrr
2757,0.0,0.006858995676754241,2.5,0.0,0,04/07/2019,1,thegamerrr
2758,0.0,0.11764216827402728,3.0,1.55,1,04/01/2019,1,thegamerrr
2759,0.333,0.053001330229464585,2.725,2.3499999999999996,1,03/26/2019,1,thegamerrr
2760,0.789,0.08334718989025608,1.25,5.0,1,03/12/2019,1,thegamerrr
2761,1.0,0.015796474891918856,2.0,2.0,0,03/05/2019,1,thegamerrr
2762,0.0,0.05798969072164949,2.45,2.6,1,02/24/2019,1,thegamerrr
2763,0.0,0.05424842035251081,2.625,1.5,0,02/06/2019,1,thegamerrr
2764,0.0,0.016835716661124045,2.5,0.0,0,01/14/2019,1,thegamerrr
2765,0.714,0.03117725307615564,2.575,0.35000000000000003,0,12/06/2018,1,thegamerrr
2766,1.0,0.012678749584303293,1.5,3.0,0,11/24/2018,1,thegamerrr
2767,0.0,0.010184569338210842,3.75,4.45,0,11/21/2018,1,thegamerrr
2768,1.111,0.015588626538077818,3.55,3.35,0,11/11/2018,1,thegamerrr
2769,0.714,0.05591120718323911,4.0,2.75,0,11/09/2018,1,thegamerrr
2770,1.429,0.015380778184236782,3.25,3.2,0,11/05/2018,1,thegamerrr
2771,0.0,0.009768872630528766,2.25,0.5,0,10/31/2018,1,thegamerrr
2772,0.0,0.046350182906551386,2.475,2.3000000000000003,0,10/26/2018,1,thegamerrr
2773,1.053,0.03325573661456602,2.5,0.5,0,09/24/2018,1,thegamerrr
2788,0.41700000000000004,0.21034253408713005,2.5,2.05,1,04/20/2019,1,nfwitt
2789,0.0,0.06443298969072166,2.3,2.55,0,04/14/2019,1,nfwitt
2790,0.48200000000000004,0.18498503491852344,2.825,2.05,1,04/14/2019,1,nfwitt
2791,0.532,0.21262886597938147,2.375,3.0,1,04/12/2019,1,nfwitt
2792,0.537,0.3658131027602261,2.45,1.6500000000000001,0,04/08/2019,1,nfwitt
2793,0.16000000000000003,0.2785167941469903,2.775,1.5,1,04/04/2019,1,nfwitt
2794,0.0,0.15235284336548055,2.6,1.85,1,04/03/2019,1,nfwitt
2795,0.521,0.4277519122048553,2.3,2.6,0,03/29/2019,1,nfwitt
2796,0.36200000000000004,0.2880778184236781,2.7,1.75,0,03/27/2019,1,nfwitt
2797,0.0,0.11119886930495511,2.975,2.45,0,03/22/2019,1,nfwitt
2798,0.458,0.3308945793149318,2.25,2.5,1,03/21/2019,1,nfwitt
2799,0.357,0.1691885600266046,2.225,2.9499999999999997,0,03/21/2019,1,nfwitt
2800,0.0,0.03200864649151979,3.125,1.6500000000000001,1,03/20/2019,1,nfwitt
2801,0.37000000000000005,0.04718157632191553,3.3,2.6500000000000004,1,03/18/2019,1,nfwitt
2802,0.7450000000000001,0.22759394745593617,2.275,1.9,1,03/17/2019,1,nfwitt
2803,0.0,0.053001330229464585,1.475,4.050000000000001,1,03/17/2019,1,nfwitt
2804,0.294,0.2438061190555371,2.8,2.15,1,03/14/2019,1,nfwitt
2805,0.678,0.14570169604256736,2.575,2.15,0,03/13/2019,1,nfwitt
2806,0.20800000000000002,0.11909710675091453,2.65,1.7999999999999998,0,03/13/2019,1,nfwitt
2807,0.0,0.010808114399733955,3.25,3.65,1,11/18/2018,1,nfwitt
2808,0.0,0.03928333887595611,2.5,0.0,0,11/16/2018,1,nfwitt
